first_name,last_name
Nahida,Sultana
Cullen,Heiss
Natka,Zelland
Rawley,Lerwill
Modesty,Lesmonde
Rog,McLardie
Lizzy,Haslehurst
Lu,Midner
Reece,Swaden
Minnie,Vernazza
Roby,Arthey
Rikki,Mitchall
Margie,Ebourne
Hymie,Whicher
Bealle,Boyan
Simmonds,Ferrers
Collie,Schechter
Win,Aleveque
Esme,Tuberfield
Vonny,Simons
Lilia,Haberjam
Tabbatha,Farloe
Maisie,Adess
Hurleigh,Gruszecki
Somerset,Cliburn
Jeremy,Engledow
Early,Lahrs
Esteban,Kreber
Charlot,Janousek
Terrell,Trusse
Moise,Pring
Evered,Derks
Burg,Dicks
Gladi,Grisard
Vilma,Lightwing
Elfie,Hutcheson
Henka,Slowgrove
Stuart,Houlton
Cloris,Benaine
Trenna,Marousek
Nicolle,Lacelett
Colene,Madeley
Sabine,Thorsen
Gusty,Ortiger
Carolina,Goacher
Minnnie,Coneau
Reese,Lyndon
Gunner,Ugoni
Enoch,O'Sheerin
Britte,Obbard
Damiano,Tremolieres
Glynnis,Dublin
Kassi,Folliott
Wylie,Colyer
Edy,Peare
Luisa,Loddy
Kev,Bayley
Ralina,Nattriss
Zsa zsa,Thick
Luce,Hune
Haslett,Gillham
Sonia,Tootell
Leroi,Fitter
Joshia,Ibert
Lyndsie,Gaiford
Skyler,Djuricic
Winona,Dearsley
Paule,Bompas
Marie-ann,Lynam
Dinnie,Klimkovich
Marji,McTeer
Rycca,Bilyard
Pandora,Titmarsh
Ade,Borton
Elvis,Struis
Berkie,Dargan
Lucinda,Gillopp
Jewel,Mutimer
Brandi,Voysey
Balduin,Behne
Mac,Robertazzi
Portia,McColley
Brien,Amey
Katharine,Heyball
Dmitri,Kalinke
Ferdie,Toffalo
Heather,Prujean
Deloris,Pascoe
Gregoire,Moodie
Normand,Croal
Bee,Plain
Ileane,Scrowson
Susanne,Sellar
Muire,Thornham
Griz,Aveyard
Nicoli,Millington
Camella,Vinten
Faulkner,Harron
Nessie,Ziem
Ailina,Edy
